id,first_name,last_name,email,gender,ip_address
1,Berry,Middler,bmiddler0@wikia.com,Female,139.122.206.9
2,Maurise,MacColm,mmaccolm1@ameblo.jp,Female,144.227.144.179
3,Herbert,Langer,hlanger2@go.com,Male,252.20.71.148
4,Gideon,Gee,ggee3@newsvine.com,Male,98.22.229.109
5,Sioux,McPhilip,smcphilip4@rambler.ru,Female,109.213.164.93
6,Bevvy,Billyard,bbillyard5@weebly.com,Female,73.55.101.184
7,Noam,Tew,ntew6@cornell.edu,Male,83.116.167.105
8,Jane,Baxandall,jbaxandall7@odnoklassniki.ru,Female,72.169.118.233
9,Barbee,Shade,bshade8@symantec.com,Female,156.172.90.185
10,Monte,Holleran,mholleran9@home.pl,Male,214.112.210.8
11,Barbi,Jeste,bjestea@webnode.com,Female,245.86.31.182
12,Rochell,Spere,rspereb@squarespace.com,Female,39.27.69.204
13,Hedwig,Matteris,hmatterisc@whitehouse.gov,Female,186.103.144.172
14,Sophey,Snipe,ssniped@forbes.com,Female,45.171.150.212
15,Grenville,Moysey,gmoyseye@army.mil,Male,244.175.17.32
16,Yves,Curzey,ycurzeyf@umich.edu,Male,191.247.189.126
17,Ricoriki,Staries,rstariesg@about.com,Male,98.139.9.132
18,Samantha,Celloni,scellonih@usda.gov,Female,219.51.108.152
19,Gabbey,Folbige,gfolbigei@etsy.com,Female,107.114.91.49
20,Tedda,Foxten,tfoxtenj@jimdo.com,Female,125.119.64.70
21,Brander,Bellelli,bbellellik@blogtalkradio.com,Agender,16.84.130.158
22,Ulberto,Allston,uallstonl@mail.ru,Male,59.62.228.2
23,Maryl,Purselowe,mpurselowem@scientificamerican.com,Bigender,200.191.72.146
24,Danny,Wither,dwithern@xrea.com,Male,189.134.118.169
25,Terrence,Squires,tsquireso@jimdo.com,Male,130.135.123.237
26,Dareen,Castelluzzi,dcastelluzzip@shop-pro.jp,Female,205.97.27.56
27,Bettye,Guard,bguardq@gnu.org,Female,184.136.232.106
28,Sven,Ramble,srambler@google.nl,Male,238.87.250.177
29,Joanie,Moreno,jmorenos@answers.com,Female,8.250.165.255
30,Ella,Harrowell,eharrowellt@rediff.com,Female,191.166.169.240
31,Berni,Di Gregorio,bdigregoriou@deviantart.com,Female,150.39.215.172
32,Aeriela,Ondrich,aondrichv@nba.com,Non-binary,122.227.177.10
33,Tasia,Hallgarth,thallgarthw@amazon.co.jp,Female,136.60.151.89
34,Julissa,Brockman,jbrockmanx@example.com,Female,28.110.128.181
35,Arie,Board,aboardy@smugmug.com,Male,12.30.28.205
36,Daveen,Clinton,dclintonz@irs.gov,Female,189.213.127.162
37,Julio,Attow,jattow10@dropbox.com,Male,131.46.248.190
38,Shaw,Yeoman,syeoman11@guardian.co.uk,Male,226.105.106.186
39,Lance,Arniz,larniz12@mozilla.org,Male,71.197.99.108
40,Luis,Hurdman,lhurdman13@nih.gov,Male,35.196.98.220
41,Atlanta,Shelborne,ashelborne14@fotki.com,Female,122.142.153.239
42,Vida,Beeck,vbeeck15@so-net.ne.jp,Female,130.19.38.127
43,Faina,Ivory,fivory16@alexa.com,Female,80.246.90.43
44,Elysee,Nowakowski,enowakowski17@disqus.com,Female,234.90.97.0
45,Elwira,Jellicorse,ejellicorse18@aol.com,Female,23.190.57.208
46,Nollie,Jakubovits,njakubovits19@instagram.com,Female,194.248.235.156
47,Arielle,Sharrem,asharrem1a@amazon.co.jp,Female,172.92.95.159
48,Nefen,Rushe,nrushe1b@sphinn.com,Male,115.235.175.13
49,Osgood,Grebner,ogrebner1c@linkedin.com,Male,103.99.112.7
50,Renado,Uren,ruren1d@xrea.com,Male,187.74.96.114
51,Gabrielle,Diggons,gdiggons1e@ow.ly,Female,40.70.62.188
52,See,Searchfield,ssearchfield1f@nasa.gov,Male,59.227.145.56
53,Ines,Yankeev,iyankeev1g@plala.or.jp,Female,4.83.229.64
54,Allan,Urvoy,aurvoy1h@spotify.com,Male,46.108.117.34
55,Horatius,Pearle,hpearle1i@meetup.com,Male,228.68.31.96
56,June,Brine,jbrine1j@spiegel.de,Genderqueer,251.249.82.77
57,Oberon,Greenwood,ogreenwood1k@last.fm,Male,80.52.168.23
58,Leslie,Isaac,lisaac1l@1688.com,Female,173.88.232.223
59,Lemmy,Oene,loene1m@exblog.jp,Non-binary,221.234.145.95
60,Connor,Evequot,cevequot1n@hostgator.com,Male,243.110.58.213
61,Burke,Doeg,bdoeg1o@cmu.edu,Male,126.102.55.153
62,Morten,Jepp,mjepp1p@sbwire.com,Male,178.73.244.3
63,Opalina,McIlmorie,omcilmorie1q@eepurl.com,Female,216.94.104.247
64,Lesya,Ortler,lortler1r@nbcnews.com,Non-binary,185.182.78.69
65,Cyndia,Ixor,cixor1s@shareasale.com,Female,24.94.132.33
66,Collete,Lewerenz,clewerenz1t@istockphoto.com,Female,228.6.189.128
67,Ula,Somerset,usomerset1u@businesswire.com,Female,98.224.10.189
68,Lisabeth,Lillicrap,llillicrap1v@digg.com,Female,240.161.126.174
69,Maddie,Orteu,morteu1w@slate.com,Male,148.22.192.140
70,Abbie,Skoughman,askoughman1x@vkontakte.ru,Male,94.189.65.81
71,Lanette,Muzzollo,lmuzzollo1y@harvard.edu,Genderqueer,152.133.175.114
72,Hercules,Epperson,hepperson1z@aboutads.info,Male,25.120.53.235
73,Andrej,Wenban,awenban20@google.de,Male,175.239.87.143
74,Valry,Tookill,vtookill21@eventbrite.com,Female,148.244.51.18
75,Clevie,Malthouse,cmalthouse22@patch.com,Male,153.189.217.220
76,Bruno,Lorenzetto,blorenzetto23@trellian.com,Male,151.208.20.182
77,Humbert,Rottery,hrottery24@state.tx.us,Male,180.84.251.4
78,Viv,Najara,vnajara25@gizmodo.com,Female,84.172.157.230
79,Glennie,Tythe,gtythe26@prweb.com,Female,15.133.1.73
80,Kevin,Westwick,kwestwick27@imageshack.us,Male,20.120.50.209
81,Candy,Reckus,creckus28@blinklist.com,Female,193.17.234.64
82,Krystyna,Allberry,kallberry29@twitpic.com,Female,44.223.166.120
83,Doralia,Lowen,dlowen2a@symantec.com,Female,183.239.25.66
84,Alexia,McAuslan,amcauslan2b@prweb.com,Polygender,71.88.151.185
85,Christabella,De Brett,cdebrett2c@jiathis.com,Female,86.104.141.209
86,Gretna,Dhillon,gdhillon2d@moonfruit.com,Female,20.13.167.192
87,Alena,Denkel,adenkel2e@ebay.co.uk,Female,26.214.212.234
88,Malcolm,Bedinham,mbedinham2f@slideshare.net,Male,82.9.119.203
89,Jacquenette,Ferroni,jferroni2g@joomla.org,Female,52.231.115.36
90,Maison,Wilmot,mwilmot2h@aboutads.info,Male,112.165.199.28
91,Caye,Waything,cwaything2i@mac.com,Female,111.43.248.21
92,Loy,Henrie,lhenrie2j@google.com.hk,Genderqueer,17.122.146.248
93,Arri,Tidridge,atidridge2k@scribd.com,Male,156.50.251.150
94,Artemas,Dreigher,adreigher2l@nyu.edu,Male,85.78.115.94
95,Davis,Hylton,dhylton2m@pcworld.com,Male,168.63.67.60
96,Kennith,Hinrich,khinrich2n@amazon.com,Male,215.236.133.125
97,Jerrie,McCuish,jmccuish2o@typepad.com,Non-binary,180.158.104.87
98,Jacki,Pyke,jpyke2p@earthlink.net,Female,28.1.41.0
99,Ermentrude,Ivashchenko,eivashchenko2q@php.net,Female,126.71.113.7
100,Brandea,Dunthorn,bdunthorn2r@paginegialle.it,Female,161.54.58.114
101,Sayer,Cattlemull,scattlemull2s@issuu.com,Male,118.20.91.83
102,Tiffanie,Groucutt,tgroucutt2t@ox.ac.uk,Female,208.36.89.133
103,Zacherie,Woodyeare,zwoodyeare2u@squidoo.com,Male,2.0.252.222
104,Rossie,Baldery,rbaldery2v@globo.com,Non-binary,247.103.197.181
105,Jarrid,De Freyne,jdefreyne2w@t.co,Male,182.84.63.171
106,Haze,Tweddle,htweddle2x@histats.com,Genderfluid,26.201.194.136
107,Debra,MacGovern,dmacgovern2y@reuters.com,Female,45.129.90.202
108,Marchelle,Brunke,mbrunke2z@squarespace.com,Polygender,53.211.40.32
109,Fidelity,Load,fload30@histats.com,Female,129.252.83.254
110,John,Pardew,jpardew31@storify.com,Male,209.17.106.184
111,Keelby,Laterza,klaterza32@xing.com,Male,81.51.38.54
112,Nani,Poone,npoone33@boston.com,Bigender,166.196.47.27
113,Minnie,Hubbert,mhubbert34@biglobe.ne.jp,Female,250.226.98.225
114,Cindy,Darracott,cdarracott35@apache.org,Female,95.178.248.98
115,Jamie,Isack,jisack36@washington.edu,Female,183.113.131.255
116,Marijn,Haken,mhaken37@latimes.com,Male,111.76.54.184
117,Rudolph,Bankes,rbankes38@ca.gov,Male,58.191.231.164
118,Hershel,Milazzo,hmilazzo39@ibm.com,Male,144.129.107.211
119,Adelaide,Gutowski,agutowski3a@va.gov,Female,141.146.117.209
120,Patricia,Fagence,pfagence3b@networksolutions.com,Female,144.144.227.210
121,Alexis,Breznovic,abreznovic3c@pcworld.com,Female,140.169.65.51
122,Cyndi,Rosnau,crosnau3d@networksolutions.com,Female,10.115.46.191
123,Bryanty,Domoni,bdomoni3e@opensource.org,Male,86.252.150.251
124,Jewelle,Battershall,jbattershall3f@phpbb.com,Genderfluid,153.31.14.209
125,Effie,McCroary,emccroary3g@samsung.com,Female,78.168.155.119
126,Darlene,Perryn,dperryn3h@exblog.jp,Female,95.12.80.117
127,Corbie,Covelle,ccovelle3i@people.com.cn,Male,72.34.168.152
128,Rossy,Kermit,rkermit3j@berkeley.edu,Male,153.39.249.254
129,Tommy,Krollmann,tkrollmann3k@usa.gov,Male,4.166.19.130
130,Trevar,Ivanov,tivanov3l@imageshack.us,Male,242.46.127.108
131,Joseph,Ozelton,jozelton3m@posterous.com,Male,133.239.12.8
132,Leonidas,Fragino,lfragino3n@acquirethisname.com,Male,31.143.108.104
133,Pebrook,Hornung,phornung3o@ebay.com,Bigender,62.213.99.101
134,Marabel,Tod,mtod3p@edublogs.org,Female,117.158.42.139
135,Bennie,Pountain,bpountain3q@infoseek.co.jp,Male,19.141.204.79
136,Janetta,Hubatsch,jhubatsch3r@ovh.net,Female,116.43.52.163
137,Gale,Ablitt,gablitt3s@ebay.co.uk,Female,27.1.188.18
138,Berne,Caygill,bcaygill3t@taobao.com,Male,41.215.64.128
139,Linnie,Goodwins,lgoodwins3u@wp.com,Female,135.230.200.244
140,Maura,McCandie,mmccandie3v@accuweather.com,Female,144.175.139.236
141,Kimball,D'Ambrosio,kdambrosio3w@blogs.com,Male,177.221.119.44
142,Richardo,Fawson,rfawson3x@pagesperso-orange.fr,Male,50.39.125.13
143,Wade,Ussher,wussher3y@amazon.de,Male,176.223.109.229
144,Herman,Bilsborrow,hbilsborrow3z@joomla.org,Male,144.248.164.2
145,Bradan,Bambrough,bbambrough40@amazon.de,Male,178.49.209.45
146,Fanchon,Woodthorpe,fwoodthorpe41@tripadvisor.com,Female,215.175.117.72
147,Sherry,Endle,sendle42@example.com,Female,209.94.206.227
148,Valentina,Dulinty,vdulinty43@tmall.com,Female,158.74.63.129
149,Allx,Clacson,aclacson44@icq.com,Agender,189.242.233.79
150,Rodina,Askin,raskin45@hugedomains.com,Female,56.28.107.101
151,Arliene,Pottle,apottle46@bravesites.com,Female,77.167.240.250
152,Pennie,Milmore,pmilmore47@sohu.com,Non-binary,157.30.65.34
153,Gabey,Housden,ghousden48@google.pl,Female,13.25.0.17
154,Budd,Rummins,brummins49@umn.edu,Male,220.219.36.184
155,Florie,Shoobridge,fshoobridge4a@mozilla.com,Female,116.77.210.57
156,Clevie,Court,ccourt4b@desdev.cn,Genderfluid,174.142.135.255
157,Earl,Grisdale,egrisdale4c@clickbank.net,Genderfluid,158.99.53.33
158,Chen,Shegog,cshegog4d@weebly.com,Male,223.54.10.222
159,Gisella,Olley,golley4e@newyorker.com,Female,131.4.221.161
160,Hort,Whistlecraft,hwhistlecraft4f@github.com,Male,28.175.147.195
161,Matthieu,Cridge,mcridge4g@oracle.com,Male,31.155.194.228
162,Austin,Radbone,aradbone4h@istockphoto.com,Male,59.140.144.41
163,Felisha,Giotto,fgiotto4i@forbes.com,Female,148.221.214.224
164,Ancell,Perfect,aperfect4j@nba.com,Male,7.93.50.144
165,Fabian,Binham,fbinham4k@stumbleupon.com,Male,59.91.209.84
166,Britte,Lisimore,blisimore4l@icio.us,Bigender,86.40.228.87
167,Dannel,Gopsall,dgopsall4m@tuttocitta.it,Male,209.134.37.43
168,Manolo,Bugdale,mbugdale4n@hao123.com,Male,155.230.232.123
169,Cord,Nealy,cnealy4o@moonfruit.com,Male,108.12.43.118
170,Nomi,Leaning,nleaning4p@weibo.com,Female,232.182.88.215
171,Danit,Newlin,dnewlin4q@un.org,Agender,213.184.134.125
172,Bald,Schutter,bschutter4r@mashable.com,Male,230.205.55.137
173,Olav,Harbord,oharbord4s@cmu.edu,Male,102.67.132.16
174,Cheslie,Bakhrushkin,cbakhrushkin4t@apache.org,Female,125.139.34.40
175,Andy,Happel,ahappel4u@hibu.com,Male,76.208.75.52
176,Melinde,Perkinson,mperkinson4v@umich.edu,Female,141.95.233.49
177,Mercedes,Vannuchi,mvannuchi4w@home.pl,Female,191.192.215.186
178,Rochella,Bulleyn,rbulleyn4x@shareasale.com,Female,172.20.253.29
179,Jessalyn,Vaskov,jvaskov4y@hexun.com,Female,199.24.125.183
180,Vincenz,Cowlas,vcowlas4z@themeforest.net,Male,88.203.117.174
181,Gabie,Limming,glimming50@pen.io,Non-binary,240.134.173.217
182,Patric,Mattock,pmattock51@kickstarter.com,Male,44.37.16.130
183,Barb,Baylay,bbaylay52@statcounter.com,Female,15.113.182.145
184,Veradis,Whannel,vwhannel53@artisteer.com,Female,175.231.25.9
185,Elvyn,Mossom,emossom54@51.la,Male,250.28.87.1
186,Tomkin,Deeley,tdeeley55@mashable.com,Male,23.158.3.185
187,Sari,Gatesman,sgatesman56@nationalgeographic.com,Female,126.35.166.5
188,Lanae,Ravel,lravel57@tumblr.com,Female,111.40.134.246
189,Bernie,Buxsey,bbuxsey58@diigo.com,Male,177.181.236.29
190,Ethyl,Hoopper,ehoopper59@bigcartel.com,Female,189.130.79.112
191,Emerson,Cole,ecole5a@newyorker.com,Male,48.252.32.137
192,Buiron,Terrill,bterrill5b@jugem.jp,Male,24.214.55.131
193,Wilbert,Steljes,wsteljes5c@google.com.au,Male,134.143.81.68
194,Redford,Dillintone,rdillintone5d@bandcamp.com,Male,169.154.229.185
195,Ashla,Tweede,atweede5e@epa.gov,Female,22.40.118.65
196,Hewitt,Hebble,hhebble5f@engadget.com,Male,166.5.234.208
197,Verge,Chatwin,vchatwin5g@bloomberg.com,Male,226.195.230.107
198,Yorke,Gosdin,ygosdin5h@skyrock.com,Male,156.232.176.88
199,Lona,Jaukovic,ljaukovic5i@nih.gov,Polygender,221.207.0.67
200,Burtie,Rignold,brignold5j@sciencedaily.com,Male,120.177.74.219
201,Maible,Dunnan,mdunnan5k@purevolume.com,Female,237.17.111.58
202,Elora,Spencers,espencers5l@usatoday.com,Female,50.178.101.140
203,Lucais,Mewha,lmewha5m@so-net.ne.jp,Non-binary,194.91.21.42
204,Veronike,Veldman,vveldman5n@washingtonpost.com,Female,11.230.89.162
205,Eadith,Worsalls,eworsalls5o@eepurl.com,Female,212.155.136.26
206,Salomon,Woodhouse,swoodhouse5p@google.com.br,Male,133.61.9.12
207,Saxe,Veldens,sveldens5q@blogspot.com,Male,186.188.150.127
208,Matelda,Dowsey,mdowsey5r@shutterfly.com,Female,69.167.74.252
209,Renado,Jewster,rjewster5s@linkedin.com,Male,171.80.229.15
210,Patrizio,Sprason,psprason5t@sohu.com,Agender,219.244.172.176
211,Dona,Vasnev,dvasnev5u@ebay.com,Female,145.235.5.148
212,Torry,Seeley,tseeley5v@usnews.com,Male,161.164.77.6
213,Paolo,Conradie,pconradie5w@narod.ru,Male,80.20.251.33
214,Camilla,Mazzey,cmazzey5x@meetup.com,Female,107.95.201.162
215,Elnore,Corsham,ecorsham5y@washingtonpost.com,Female,182.233.201.237
216,Glenden,Rolls,grolls5z@rediff.com,Male,2.62.32.120
217,Brendon,Penman,bpenman60@multiply.com,Non-binary,192.194.71.99
218,Maurise,Felderer,mfelderer61@timesonline.co.uk,Male,147.253.71.41
219,Case,Maude,cmaude62@barnesandnoble.com,Male,244.181.100.173
220,Biddy,Dot,bdot63@economist.com,Female,178.6.198.103
221,Patrizius,Frackiewicz,pfrackiewicz64@techcrunch.com,Male,151.61.236.229
222,Ulrich,MacRannell,umacrannell65@geocities.jp,Male,136.197.173.201
223,Muhammad,Caulwell,mcaulwell66@wikimedia.org,Male,246.146.149.78
224,Caroline,Oates,coates67@army.mil,Female,250.17.103.78
225,Gilberto,Trobridge,gtrobridge68@nih.gov,Male,96.140.63.66
226,Mildred,Dedmam,mdedmam69@alexa.com,Female,248.218.96.244
227,Oby,McGrudder,omcgrudder6a@typepad.com,Male,95.179.117.193
228,Lavinia,Gregoli,lgregoli6b@economist.com,Female,173.92.212.175
229,Chevalier,Tebb,ctebb6c@friendfeed.com,Male,253.123.79.4
230,Charity,Dafter,cdafter6d@washington.edu,Female,45.75.128.139
231,Bridgette,Ditchfield,bditchfield6e@zdnet.com,Female,104.4.90.11
232,Alfie,McKerron,amckerron6f@xing.com,Male,253.146.24.76
233,Jefferey,Benford,jbenford6g@amazon.de,Polygender,19.8.65.176
234,Cookie,Deguara,cdeguara6h@ask.com,Female,211.78.76.69
235,Mercy,Presnall,mpresnall6i@miitbeian.gov.cn,Female,31.90.96.181
236,Lyndsie,Gruszecki,lgruszecki6j@abc.net.au,Agender,167.13.49.209
237,Raddie,Bolley,rbolley6k@dailymotion.com,Genderqueer,94.14.135.163
238,Camellia,Cowhig,ccowhig6l@facebook.com,Female,34.91.245.33
239,Linn,Spruce,lspruce6m@ezinearticles.com,Female,63.178.59.67
240,Modesta,Hutchison,mhutchison6n@businessinsider.com,Female,116.95.113.124
241,Orlan,Kenyon,okenyon6o@bandcamp.com,Male,209.219.56.240
242,Leah,Rainforth,lrainforth6p@mashable.com,Female,252.169.66.168
243,Rosella,Siemianowicz,rsiemianowicz6q@youtu.be,Female,254.62.190.77
244,Lurleen,Minchell,lminchell6r@tripadvisor.com,Female,234.84.123.129
245,Kameko,Bufton,kbufton6s@ustream.tv,Female,21.197.106.152
246,Ninetta,Locks,nlocks6t@dailymail.co.uk,Genderfluid,133.134.38.33
247,Trev,Dockray,tdockray6u@mozilla.org,Male,120.32.70.118
248,Augustin,Dreini,adreini6v@phoca.cz,Male,154.138.56.80
249,Krishna,Frantzeni,kfrantzeni6w@mozilla.org,Male,251.6.110.160
250,Luce,Dandy,ldandy6x@ehow.com,Male,164.14.148.41
251,Rozele,Ferrige,rferrige6y@thetimes.co.uk,Female,16.231.61.59
252,Lizzy,Nursey,lnursey6z@berkeley.edu,Female,61.250.86.128
253,Rhonda,Linacre,rlinacre70@reverbnation.com,Non-binary,133.216.35.143
254,Francyne,Rodger,frodger71@bigcartel.com,Female,222.201.210.68
255,Alleen,Sach,asach72@who.int,Female,134.251.214.71
256,Lita,Colvie,lcolvie73@amazon.co.uk,Female,90.121.106.245
257,Daren,Haistwell,dhaistwell74@pcworld.com,Male,155.9.37.138
258,Homerus,Vuittet,hvuittet75@theguardian.com,Male,132.208.161.121
259,Jeffrey,Tocher,jtocher76@goo.gl,Male,222.165.74.13
260,Nathan,Dunkley,ndunkley77@weebly.com,Male,91.154.0.199
261,Emlyn,McRobb,emcrobb78@printfriendly.com,Male,197.130.71.216
262,Brittney,Gloyens,bgloyens79@yellowbook.com,Female,116.179.255.30
263,Silva,Rosenthaler,srosenthaler7a@blogs.com,Female,103.38.85.147
264,Sibley,Kippax,skippax7b@independent.co.uk,Non-binary,39.247.5.82
265,Allis,Sehorsch,asehorsch7c@sakura.ne.jp,Female,168.46.70.10
266,Zachary,Sabates,zsabates7d@icq.com,Male,104.22.210.58
267,Stacy,Ruperti,sruperti7e@ihg.com,Male,228.103.195.108
268,Abel,Mealiffe,amealiffe7f@webs.com,Male,180.249.247.54
269,Trev,Birrel,tbirrel7g@ucoz.ru,Male,102.155.84.163
270,Melba,Barents,mbarents7h@tripadvisor.com,Female,173.24.54.11
271,Bryan,Tourne,btourne7i@hc360.com,Male,68.148.205.127
272,Dari,Borell,dborell7j@about.me,Female,188.165.52.213
273,Free,Unstead,funstead7k@csmonitor.com,Male,94.208.53.44
274,Claudia,Girling,cgirling7l@dion.ne.jp,Female,134.124.12.78
275,Elise,Rudram,erudram7m@i2i.jp,Female,38.89.191.210
276,Farrand,Ferrao,fferrao7n@shop-pro.jp,Female,247.113.239.18
277,Maurice,Simeoni,msimeoni7o@forbes.com,Male,100.20.105.2
278,Inger,Antonietti,iantonietti7p@hp.com,Female,3.213.39.215
279,Gene,Daspar,gdaspar7q@storify.com,Male,133.235.137.56
280,Betty,Angliss,bangliss7r@nyu.edu,Female,148.112.177.6
281,Darrin,Donahue,ddonahue7s@over-blog.com,Male,23.161.114.210
282,Dav,McGivena,dmcgivena7t@washingtonpost.com,Male,120.127.207.208
283,Mamie,Kirk,mkirk7u@constantcontact.com,Genderfluid,55.251.86.9
284,Winslow,Adlam,wadlam7v@booking.com,Male,175.139.38.180
285,Jayme,Vedenisov,jvedenisov7w@stumbleupon.com,Male,114.127.168.195
286,Perle,Wornham,pwornham7x@canalblog.com,Genderqueer,122.25.60.242
287,Wittie,Bourhill,wbourhill7y@issuu.com,Male,187.73.170.207
288,Antonius,Bonus,abonus7z@reverbnation.com,Male,215.29.182.42
289,Sven,Sorro,ssorro80@slate.com,Male,85.176.217.231
290,Ronny,Dallmann,rdallmann81@independent.co.uk,Male,65.147.167.22
291,Ber,McKimmie,bmckimmie82@icio.us,Male,182.225.153.251
292,Ermanno,Taleworth,etaleworth83@marketwatch.com,Male,94.15.87.84
293,Theadora,Leyban,tleyban84@google.ru,Female,237.111.76.210
294,Jaymie,Trenbay,jtrenbay85@eventbrite.com,Male,78.165.176.74
295,Hortense,Braidwood,hbraidwood86@zdnet.com,Female,50.65.42.193
296,Jeannie,Kolodziej,jkolodziej87@gov.uk,Female,132.147.24.52
297,Ethelda,Shrubb,eshrubb88@mozilla.com,Female,21.200.245.13
298,Cecily,Ellicock,cellicock89@godaddy.com,Female,226.86.85.246
299,Agace,Traske,atraske8a@stumbleupon.com,Female,100.19.167.184
300,Em,Crowch,ecrowch8b@boston.com,Male,41.32.4.191
301,Cordy,Thireau,cthireau8c@archive.org,Male,24.2.194.219
302,Etienne,Deare,edeare8d@addthis.com,Male,213.180.58.147
303,Nikki,Weatherall,nweatherall8e@domainmarket.com,Female,207.253.250.233
304,Edin,Jeffes,ejeffes8f@tripod.com,Female,126.195.12.58
305,Udall,Fullilove,ufullilove8g@yolasite.com,Agender,45.197.215.208
306,Ainslie,Woolager,awoolager8h@army.mil,Female,62.236.202.108
307,Marcus,Jeske,mjeske8i@google.ca,Male,34.141.132.224
308,Mathew,Creaser,mcreaser8j@printfriendly.com,Male,186.60.65.97
309,Rori,Zambonini,rzambonini8k@zimbio.com,Female,198.216.209.173
310,Rudolph,Choffin,rchoffin8l@clickbank.net,Agender,164.18.12.215
311,Lynde,Bizzey,lbizzey8m@chronoengine.com,Female,214.249.230.54
312,Rees,Neame,rneame8n@gravatar.com,Male,236.51.38.42
313,Quillan,Greenard,qgreenard8o@weather.com,Male,2.9.53.139
314,Hyacintha,Alloisi,halloisi8p@printfriendly.com,Female,87.6.125.94
315,Iolande,Bril,ibril8q@paypal.com,Female,166.57.233.44
316,Axel,Reiner,areiner8r@freewebs.com,Male,37.96.160.23
317,Nick,Steuart,nsteuart8s@miitbeian.gov.cn,Male,62.78.161.47
318,Cindie,Voaden,cvoaden8t@examiner.com,Female,50.219.28.145
319,Jordain,Robun,jrobun8u@cnn.com,Female,111.126.123.40
320,Pincus,Pandie,ppandie8v@blogs.com,Male,34.188.83.93
321,Dolores,Chalder,dchalder8w@nba.com,Polygender,198.170.123.68
322,Casar,Braunds,cbraunds8x@liveinternet.ru,Male,48.100.144.30
323,Haleigh,Auchterlony,hauchterlony8y@rambler.ru,Female,12.235.251.83
324,Wallis,Rudland,wrudland8z@shop-pro.jp,Polygender,192.178.105.183
325,Laurent,O'Callaghan,locallaghan90@ebay.co.uk,Male,126.30.75.252
326,Gwenette,Oats,goats91@ow.ly,Female,168.155.140.237
327,Ferrell,Doodson,fdoodson92@time.com,Male,50.116.91.4
328,Sergio,Copins,scopins93@earthlink.net,Non-binary,71.220.219.206
329,Wilhelmine,Brugger,wbrugger94@bbb.org,Female,45.237.66.42
330,Jandy,Grindle,jgrindle95@artisteer.com,Female,245.34.209.47
331,Noam,Lasselle,nlasselle96@hexun.com,Male,195.226.99.37
332,Abey,Philcox,aphilcox97@1und1.de,Male,6.211.12.143
333,Matilda,Zanneli,mzanneli98@cdc.gov,Bigender,222.88.30.206
334,Kerby,Matzel,kmatzel99@liveinternet.ru,Male,220.186.86.117
335,Kimmie,Bayless,kbayless9a@huffingtonpost.com,Female,22.142.213.234
336,Ramona,Lyndon,rlyndon9b@yellowbook.com,Female,63.53.159.89
337,Vere,Couser,vcouser9c@nifty.com,Female,65.173.98.142
338,Myrtia,Zincke,mzincke9d@stanford.edu,Non-binary,6.224.72.203
339,Harlan,Tumility,htumility9e@forbes.com,Male,94.204.70.84
340,Albina,Pither,apither9f@stanford.edu,Female,179.107.204.152
341,Tine,Arundell,tarundell9g@sphinn.com,Female,34.130.60.198
342,Marin,Nibloe,mnibloe9h@123-reg.co.uk,Female,214.238.31.76
343,Milo,MacAirt,mmacairt9i@51.la,Male,228.112.222.115
344,Cristian,Bigrigg,cbigrigg9j@unc.edu,Male,252.86.111.54
345,Rancell,MacKenney,rmackenney9k@google.es,Male,102.20.159.134
346,Nicky,Noseworthy,nnoseworthy9l@instagram.com,Male,50.245.116.184
347,Andrey,Brinicombe,abrinicombe9m@ning.com,Male,55.9.176.229
348,Archie,Tapper,atapper9n@unblog.fr,Male,81.135.252.48
349,Irving,Ruppert,iruppert9o@mapy.cz,Male,195.175.44.62
350,Inger,Guidera,iguidera9p@printfriendly.com,Female,15.60.29.240
351,Oswald,Dunbar,odunbar9q@tuttocitta.it,Male,216.225.39.184
352,Anita,De Robertis,aderobertis9r@ted.com,Female,236.146.201.224
353,Casey,Marks,cmarks9s@japanpost.jp,Female,160.99.133.83
354,Nathalie,Cobbin,ncobbin9t@deliciousdays.com,Female,53.236.178.86
355,Dulcy,Roch,droch9u@4shared.com,Female,90.215.5.24
356,Penn,Scolding,pscolding9v@toplist.cz,Male,165.60.161.114
357,Pietra,Adame,padame9w@epa.gov,Female,75.48.69.65
358,Melodie,Whitehouse,mwhitehouse9x@sohu.com,Agender,94.23.210.100
359,Jeffry,Leonards,jleonards9y@soundcloud.com,Male,147.175.54.178
360,Casie,Bantick,cbantick9z@vimeo.com,Female,234.255.72.97
361,Esmaria,Haliburton,ehaliburtona0@about.com,Genderfluid,243.211.218.175
362,Alexandra,Grayley,agrayleya1@loc.gov,Female,42.17.126.213
363,Orly,Mish,omisha2@paginegialle.it,Female,128.91.38.247
364,Gilemette,McCathay,gmccathaya3@g.co,Female,11.244.116.1
365,Rufus,McVanamy,rmcvanamya4@ezinearticles.com,Male,51.31.80.37
366,Rayna,Dragon,rdragona5@si.edu,Female,254.222.73.86
367,Zebulon,Wiffler,zwifflera6@mozilla.com,Non-binary,152.227.118.16
368,Tuckie,Vayne,tvaynea7@ox.ac.uk,Male,94.101.71.130
369,Rozele,Petric,rpetrica8@psu.edu,Female,217.53.206.122
370,Valdemar,McOmish,vmcomisha9@java.com,Male,165.94.141.247
371,Tim,Rubenchik,trubenchikaa@fc2.com,Female,199.209.157.120
372,Elke,Pimblotte,epimblotteab@uol.com.br,Female,84.239.176.237
373,Talia,Lambird,tlambirdac@scientificamerican.com,Female,71.160.82.104
374,Carmen,Elham,celhamad@paypal.com,Female,18.98.143.36
375,Brooks,Andreazzi,bandreazziae@cdc.gov,Male,254.123.232.132
376,Saunders,Sackes,ssackesaf@mayoclinic.com,Male,28.64.160.104
377,Tessy,Fewkes,tfewkesag@skype.com,Female,164.101.103.117
378,Haley,Elvey,helveyah@ucla.edu,Female,106.89.123.89
379,Gawain,Britee,gbriteeai@mail.ru,Male,51.185.103.69
380,Randal,Farlane,rfarlaneaj@webmd.com,Male,244.136.55.81
381,Gillan,Blything,gblythingak@acquirethisname.com,Genderfluid,46.2.132.80
382,Cori,Apperley,capperleyal@purevolume.com,Female,212.185.179.120
383,Adda,Antonov,aantonovam@blog.com,Polygender,102.154.93.181
384,Koressa,Hundell,khundellan@edublogs.org,Genderqueer,86.22.26.128
385,Dalli,Standrin,dstandrinao@google.ru,Male,218.3.56.118
386,Konstantine,Klazenga,kklazengaap@cbsnews.com,Male,231.251.177.66
387,Millie,Wisker,mwiskeraq@spotify.com,Female,170.28.191.116
388,Dannie,Olivazzi,dolivazziar@trellian.com,Non-binary,238.194.93.205
389,Nahum,Squibe,nsquibeas@symantec.com,Male,242.23.229.39
390,Terrill,Pickless,tpicklessat@shutterfly.com,Male,112.222.69.16
391,Herta,Wibrew,hwibrewau@pbs.org,Female,136.172.129.36
392,Palmer,Aery,paeryav@google.it,Male,166.201.119.185
393,Delia,Guyer,dguyeraw@hao123.com,Bigender,16.227.62.146
394,Clemmy,Moyer,cmoyerax@g.co,Female,6.46.93.176
395,Berkie,Eberz,beberzay@nymag.com,Male,96.37.110.11
396,Hyatt,Million,hmillionaz@theatlantic.com,Male,66.69.143.216
397,Brunhilde,Clampin,bclampinb0@wisc.edu,Female,160.112.99.175
398,Arley,Szwandt,aszwandtb1@salon.com,Male,122.39.235.132
399,Lancelot,Treven,ltrevenb2@bluehost.com,Male,123.145.71.115
400,Ardisj,Seavers,aseaversb3@networksolutions.com,Female,52.147.16.73
401,Leonanie,Bosse,lbosseb4@cam.ac.uk,Female,215.253.36.124
402,Lou,Keysall,lkeysallb5@jugem.jp,Female,166.152.113.11
403,Daryle,Hospital,dhospitalb6@slate.com,Male,235.54.101.126
404,Maryanna,Lidgate,mlidgateb7@livejournal.com,Female,155.252.199.178
405,Ky,Alvarado,kalvaradob8@mail.ru,Male,155.200.230.1
406,Abner,Lacroux,alacrouxb9@bizjournals.com,Male,17.44.120.178
407,Lou,Panyer,lpanyerba@chronoengine.com,Male,108.23.180.132
408,Tobe,Flather,tflatherbb@cam.ac.uk,Male,194.196.102.12
409,Ulrika,Whitehead,uwhiteheadbc@google.com.au,Female,138.177.110.35
410,Tabbatha,Salmons,tsalmonsbd@nymag.com,Female,160.244.193.189
411,Wynn,Livingston,wlivingstonbe@unicef.org,Non-binary,201.50.92.161
412,Law,Benezet,lbenezetbf@arstechnica.com,Male,217.40.195.67
413,Westbrooke,Bangham,wbanghambg@dmoz.org,Male,104.197.120.41
414,Waylen,Crusham,wcrushambh@mozilla.com,Male,128.200.145.10
415,Filmore,Vallow,fvallowbi@who.int,Male,177.18.133.135
416,Norrie,Skrzynski,nskrzynskibj@creativecommons.org,Male,45.166.73.29
417,Konstantin,Ismead,kismeadbk@nsw.gov.au,Male,215.85.139.10
418,Esta,Christofides,echristofidesbl@blinklist.com,Female,27.58.30.31
419,Korrie,Howsam,khowsambm@statcounter.com,Female,229.144.201.44
420,Justina,Lingwood,jlingwoodbn@time.com,Female,215.202.89.222
421,Jacenta,Unthank,junthankbo@webmd.com,Female,106.32.101.87
422,Teddie,Tomaszynski,ttomaszynskibp@moonfruit.com,Male,216.215.36.145
423,Yolande,Espin,yespinbq@wix.com,Female,128.230.157.183
424,Haydon,Iddins,hiddinsbr@free.fr,Male,47.161.64.21
425,Suzanna,Pargent,spargentbs@columbia.edu,Female,160.164.61.220
426,Loralyn,Antonio,lantoniobt@psu.edu,Female,87.56.187.180
427,Fan,Bunkle,fbunklebu@newsvine.com,Non-binary,216.224.204.121
428,Fitzgerald,Allchin,fallchinbv@furl.net,Male,105.117.160.100
429,Eli,Deackes,edeackesbw@zdnet.com,Male,125.163.75.207
430,Ruttger,Joron,rjoronbx@sfgate.com,Male,132.114.120.90
431,Chucho,Enterlein,centerleinby@123-reg.co.uk,Male,255.2.176.79
432,Ardyth,Filchagin,afilchaginbz@pagesperso-orange.fr,Female,133.102.62.182
433,Heather,Bowley,hbowleyc0@timesonline.co.uk,Female,143.43.178.136
434,Britney,Hammerberg,bhammerbergc1@patch.com,Female,35.110.189.135
435,Bonnee,Winslet,bwinsletc2@usnews.com,Female,200.57.6.65
436,Ignacius,Byneth,ibynethc3@washingtonpost.com,Non-binary,11.161.101.242
437,Beau,MacNeilage,bmacneilagec4@live.com,Male,146.192.84.160
438,Reagan,Santino,rsantinoc5@samsung.com,Male,209.204.219.173
439,Karl,Carne,kcarnec6@arizona.edu,Genderfluid,237.177.116.53
440,Lind,Godier,lgodierc7@europa.eu,Female,59.82.10.42
441,Cammy,Patty,cpattyc8@theguardian.com,Male,65.48.134.94
442,Marten,Rippingale,mrippingalec9@wunderground.com,Male,76.250.162.78
443,Brade,Prop,bpropca@sciencedaily.com,Male,10.60.150.19
444,Seth,Okey,sokeycb@cbslocal.com,Polygender,102.152.253.115
445,Brunhilda,McDonnell,bmcdonnellcc@forbes.com,Female,116.68.67.176
446,Dannie,Hanne,dhannecd@rakuten.co.jp,Female,145.111.213.236
447,Shae,Haley,shaleyce@webmd.com,Female,151.163.160.113
448,Krystyna,Chishull,kchishullcf@fc2.com,Bigender,185.175.180.250
449,Jed,Hessle,jhesslecg@cnet.com,Male,63.55.130.179
450,Julietta,Trude,jtrudech@deviantart.com,Female,28.92.167.229
451,Grazia,Matthessen,gmatthessenci@slate.com,Female,75.202.11.55
452,Fannie,Meco,fmecocj@liveinternet.ru,Female,138.69.235.94
453,Jacqueline,Ullyott,jullyottck@jalbum.net,Female,200.123.64.75
454,Malina,Worsall,mworsallcl@t.co,Female,43.5.213.203
455,Michail,Smullen,msmullencm@ox.ac.uk,Male,143.108.101.189
456,Isidro,Hawkshaw,ihawkshawcn@zdnet.com,Male,222.142.12.63
457,Geneva,O' Faherty,gofahertyco@msn.com,Female,209.176.107.109
458,Alyson,Spawton,aspawtoncp@sun.com,Female,23.66.88.250
459,Morse,Chartre,mchartrecq@economist.com,Male,200.120.183.207
460,Randie,Dumingos,rdumingoscr@yandex.ru,Female,30.163.143.10
461,Yehudit,Prosser,yprossercs@shinystat.com,Male,187.236.162.237
462,Jemie,Huggill,jhuggillct@github.com,Agender,117.37.178.50
463,Sal,Ramsdell,sramsdellcu@chronoengine.com,Male,71.29.138.234
464,Sheba,Zielinski,szielinskicv@yandex.ru,Female,31.237.95.148
465,Ruperto,Jindracek,rjindracekcw@rediff.com,Male,26.60.83.172
466,Belva,Chesnay,bchesnaycx@unblog.fr,Genderfluid,67.195.12.164
467,Rosalynd,Nosworthy,rnosworthycy@wsj.com,Female,26.31.81.171
468,Waneta,Sweatland,wsweatlandcz@myspace.com,Female,205.90.80.184
469,Benjamen,Meade,bmeaded0@intel.com,Male,90.166.2.243
470,Jermaine,Undrill,jundrilld1@ed.gov,Male,117.66.11.251
471,Caddric,Purdy,cpurdyd2@aol.com,Male,103.26.237.168
472,Cobb,Crudginton,ccrudgintond3@ted.com,Male,95.25.178.157
473,Sampson,Lideard,slideardd4@skype.com,Male,189.70.250.166
474,Sharity,Capner,scapnerd5@i2i.jp,Female,76.207.210.87
475,Base,MacKnight,bmacknightd6@csmonitor.com,Male,87.186.183.167
476,Aridatha,Borchardt,aborchardtd7@ebay.com,Female,125.239.106.61
477,Sauncho,Lacelett,slacelettd8@artisteer.com,Male,98.27.251.216
478,Dani,Herion,dheriond9@examiner.com,Female,110.96.33.245
479,Juliann,Corzon,jcorzonda@go.com,Female,51.155.7.150
480,Jarrid,Ickovici,jickovicidb@domainmarket.com,Male,8.24.220.243
481,Redd,Conibeer,rconibeerdc@sourceforge.net,Male,12.197.241.222
482,Bond,Saket,bsaketdd@unicef.org,Male,163.131.171.11
483,Kally,Raden,kradende@squarespace.com,Female,153.173.199.24
484,Brnaby,Philcott,bphilcottdf@yahoo.co.jp,Male,198.156.41.1
485,Eb,Flamank,eflamankdg@cdbaby.com,Male,105.243.142.197
486,Lotte,Kestin,lkestindh@ftc.gov,Female,29.17.75.206
487,Miltie,Thams,mthamsdi@example.com,Male,46.90.151.179
488,Ranique,Langtry,rlangtrydj@ucsd.edu,Female,43.82.26.131
489,Alicea,Walbrook,awalbrookdk@walmart.com,Female,63.23.237.156
490,Minnnie,Winny,mwinnydl@businesswire.com,Female,108.250.246.19
491,Sadye,Heugle,sheugledm@redcross.org,Female,8.127.134.101
492,Ron,Fawkes,rfawkesdn@fda.gov,Male,31.100.116.122
493,Idette,Angrove,iangrovedo@reuters.com,Female,188.69.211.9
494,Nathan,Semiraz,nsemirazdp@sbwire.com,Male,89.176.95.234
495,Darius,Birney,dbirneydq@ted.com,Male,197.161.222.147
496,Rosco,Menauteau,rmenauteaudr@example.com,Male,104.230.156.113
497,Arthur,Wimpenny,awimpennyds@thetimes.co.uk,Male,132.218.1.154
498,Farrell,Teeney,fteeneydt@comsenz.com,Male,61.56.35.230
499,De,Ungerechts,dungerechtsdu@gravatar.com,Female,200.77.80.190
500,Ingrid,Di Batista,idibatistadv@redcross.org,Polygender,61.83.140.159
501,Bentlee,Trenfield,btrenfielddw@delicious.com,Male,17.12.218.110
502,Uri,Antosch,uantoschdx@google.com,Male,243.204.187.233
503,Trev,Hanton,thantondy@bloglines.com,Non-binary,218.158.224.98
504,Kiri,Iczokvitz,kiczokvitzdz@flavors.me,Female,133.137.38.216
505,Renado,Finnemore,rfinnemoree0@earthlink.net,Male,133.189.187.99
506,Meade,Berridge,mberridgee1@shinystat.com,Female,180.253.222.137
507,Rosemary,Boal,rboale2@lulu.com,Polygender,67.173.61.149
508,Thorvald,Joppich,tjoppiche3@salon.com,Male,186.160.146.233
509,Carola,Leroux,clerouxe4@mapy.cz,Female,209.178.121.180
510,Shannah,Olczyk,solczyke5@merriam-webster.com,Female,239.48.158.216
511,Anet,Westrip,awestripe6@pbs.org,Female,163.126.223.45
512,Giffer,Perfect,gperfecte7@dot.gov,Male,31.55.88.91
513,Celestia,Bundock,cbundocke8@domainmarket.com,Female,31.10.58.151
514,Junette,Searles,jsearlese9@twitter.com,Female,31.31.5.160
515,Margit,Bindin,mbindinea@theguardian.com,Female,77.105.127.94
516,Jessamine,Banister,jbanistereb@tinypic.com,Female,233.101.50.192
517,Bunni,McDell,bmcdellec@usgs.gov,Female,241.235.72.230
518,Joela,Cleever,jcleevered@senate.gov,Female,154.32.159.43
519,Ibrahim,Stapleton,istapletonee@t.co,Male,76.31.166.110
520,Steffane,Thoms,sthomsef@mtv.com,Female,58.203.13.8
521,Arthur,Mattussevich,amattussevicheg@purevolume.com,Male,50.211.106.90
522,Anatola,Brashaw,abrashaweh@ocn.ne.jp,Female,96.149.87.105
523,Madelaine,Shovelton,mshoveltonei@mapquest.com,Polygender,238.252.200.181
524,Nananne,Brosenius,nbroseniusej@purevolume.com,Female,111.28.228.0
525,Nevil,Devenny,ndevennyek@wordpress.org,Male,195.208.160.13
526,Freida,MacShirrie,fmacshirrieel@google.fr,Female,199.208.32.95
527,Liz,Gouch,lgouchem@comsenz.com,Female,32.224.233.111
528,Sephira,Dall,sdallen@mysql.com,Female,173.251.34.141
529,Roderigo,Dailly,rdaillyeo@china.com.cn,Male,248.1.195.26
530,Sal,Grabham,sgrabhamep@blogtalkradio.com,Male,113.186.239.195
531,Sophey,Woollacott,swoollacotteq@networkadvertising.org,Female,161.176.164.192
532,Romeo,Le Pine,rlepineer@topsy.com,Male,235.49.33.165
533,Valentia,Roaf,vroafes@exblog.jp,Genderqueer,36.144.80.85
534,Melantha,Wratten,mwrattenet@cbc.ca,Female,28.115.213.140
535,Arline,Kivell,akivelleu@xrea.com,Female,24.134.50.248
536,Evita,Galland,egallandev@over-blog.com,Female,63.177.107.12
537,Courtney,Beavington,cbeavingtonew@fema.gov,Male,69.144.85.249
538,Joannes,Bodycote,jbodycoteex@tinypic.com,Female,31.179.141.230
539,Suzanna,Vaggers,svaggersey@jugem.jp,Polygender,174.172.91.11
540,Anselm,Law,alawez@tiny.cc,Male,36.146.212.244
541,Rhoda,Perassi,rperassif0@census.gov,Female,34.98.108.220
542,Land,Egentan,legentanf1@google.cn,Male,100.231.198.53
543,Lexie,Wherry,lwherryf2@canalblog.com,Female,187.165.14.155
544,Antonie,Tadman,atadmanf3@uol.com.br,Female,90.134.238.104
545,Klement,Sly,kslyf4@ca.gov,Male,5.32.255.177
546,Pace,Heibl,pheiblf5@wikia.com,Male,6.99.55.17
547,Harmonie,Eyton,heytonf6@google.com.au,Female,169.100.239.53
548,Thibaud,Riddel,triddelf7@webeden.co.uk,Male,198.191.35.133
549,Hedi,Kobpa,hkobpaf8@whitehouse.gov,Female,30.119.37.16
550,Murdock,Veel,mveelf9@berkeley.edu,Male,122.101.252.93
551,Danella,Camden,dcamdenfa@amazon.co.jp,Female,243.219.215.227
552,Alfredo,Devlin,adevlinfb@mlb.com,Male,69.120.5.188
553,Alon,Hartle,ahartlefc@msu.edu,Male,243.213.55.51
554,Kial,Fowgies,kfowgiesfd@ihg.com,Female,241.95.57.199
555,Guglielma,Antonomolii,gantonomoliife@ibm.com,Female,52.240.79.213
556,Tildy,Nitto,tnittoff@foxnews.com,Female,167.8.86.122
557,Alexi,Ivimy,aivimyfg@wp.com,Female,253.128.130.57
558,Valentijn,Blaydes,vblaydesfh@meetup.com,Male,157.136.54.69
559,Talbot,Thow,tthowfi@businesswire.com,Male,115.3.208.77
560,Jerry,Lacrouts,jlacroutsfj@marketwatch.com,Male,18.52.61.92
561,Carlotta,Dimitriev,cdimitrievfk@wufoo.com,Female,246.44.41.141
562,Rica,Fronek,rfronekfl@npr.org,Female,195.182.165.241
563,Hanson,Thorburn,hthorburnfm@gravatar.com,Male,182.62.173.26
564,Dayna,Tamas,dtamasfn@topsy.com,Female,158.47.94.71
565,Pedro,Evangelinos,pevangelinosfo@bandcamp.com,Male,242.95.89.91
566,Glynn,Feldklein,gfeldkleinfp@techcrunch.com,Male,146.223.195.86
567,Sansone,Cratchley,scratchleyfq@squarespace.com,Male,225.190.109.144
568,Feodora,O'Gaven,fogavenfr@engadget.com,Female,214.73.106.199
569,Godwin,Chrisp,gchrispfs@zdnet.com,Male,193.72.177.244
570,Kathye,Gomme,kgommeft@yelp.com,Female,240.44.44.108
571,Kaja,Lufkin,klufkinfu@xinhuanet.com,Female,48.35.206.103
572,Paten,Crimin,pcriminfv@goodreads.com,Male,205.115.75.138
573,Deidre,Buston,dbustonfw@digg.com,Female,12.186.216.50
574,Audi,Zamora,azamorafx@sun.com,Genderqueer,138.170.87.215
575,Persis,Potkins,ppotkinsfy@japanpost.jp,Female,250.210.237.170
576,Rand,Saffen,rsaffenfz@sbwire.com,Male,160.180.19.53
577,Judah,Naisbit,jnaisbitg0@goo.ne.jp,Male,15.12.84.170
578,Cheston,Gosnold,cgosnoldg1@apache.org,Male,207.255.169.112
579,Amalie,Andreas,aandreasg2@nydailynews.com,Female,20.197.38.251
580,Olly,Houlridge,ohoulridgeg3@sfgate.com,Male,212.163.225.192
581,Hagan,Vidler,hvidlerg4@businessweek.com,Genderfluid,145.119.247.62
582,Myca,Gladdifh,mgladdifhg5@myspace.com,Male,77.154.247.16
583,Jania,Suddock,jsuddockg6@tiny.cc,Female,215.230.94.234
584,Luce,Antoshin,lantoshing7@taobao.com,Female,180.20.41.255
585,Russell,Sinden,rsindeng8@gnu.org,Male,248.176.32.59
586,Joline,Spellsworth,jspellsworthg9@cnet.com,Non-binary,7.212.13.90
587,Clem,Kennerley,ckennerleyga@smh.com.au,Male,109.130.152.166
588,Charla,Claisse,cclaissegb@odnoklassniki.ru,Female,191.206.201.254
589,Courtnay,Wrate,cwrategc@lulu.com,Male,131.37.151.40
590,Ardine,Stoakley,astoakleygd@thetimes.co.uk,Female,224.218.23.96
591,Rab,Prestedge,rprestedgege@domainmarket.com,Male,41.26.151.182
592,Ciro,Kubiak,ckubiakgf@mediafire.com,Male,246.170.2.110
593,Lidia,Ratnage,lratnagegg@rediff.com,Female,114.242.151.143
594,Willetta,Richold,wricholdgh@nifty.com,Female,71.164.13.241
595,Kennie,Paddemore,kpaddemoregi@livejournal.com,Non-binary,212.97.33.145
596,Kirbee,Stops,kstopsgj@jugem.jp,Female,189.87.207.172
597,Blaire,Storton,bstortongk@skype.com,Female,123.108.150.70
598,Brendan,Firpo,bfirpogl@usnews.com,Male,228.163.174.49
599,Derrek,Goodenough,dgoodenoughgm@macromedia.com,Male,27.217.83.230
600,Jeno,Hedylstone,jhedylstonegn@unesco.org,Male,102.113.90.71
601,Hewett,Rohan,hrohango@auda.org.au,Male,242.188.21.225
602,Nerissa,Saville,nsavillegp@spotify.com,Agender,72.242.10.8
603,Emery,Jardin,ejardingq@ed.gov,Male,122.224.161.144
604,Daniel,Fasson,dfassongr@t.co,Male,36.241.223.130
605,Bordy,Dewen,bdewengs@nhs.uk,Male,188.54.37.108
606,Gabe,Butte,gbuttegt@miitbeian.gov.cn,Polygender,152.255.250.234
607,Emmi,Lowder,elowdergu@bbc.co.uk,Female,97.113.249.177
608,Cherie,Szymanzyk,cszymanzykgv@wired.com,Female,97.214.63.34
609,Desdemona,Collishaw,dcollishawgw@wunderground.com,Non-binary,181.78.171.61
610,Jonathan,Attewell,jattewellgx@cisco.com,Male,154.97.145.67
611,Arel,Sleight,asleightgy@earthlink.net,Male,213.206.35.222
612,Celene,Zeal,czealgz@51.la,Female,95.181.80.19
613,Lucina,Arnott,larnotth0@timesonline.co.uk,Female,114.208.207.239
614,Charlena,O'Luney,coluneyh1@msn.com,Female,112.219.95.216
615,Ash,Reary,arearyh2@google.it,Male,89.99.72.138
616,Symon,Poston,spostonh3@mapquest.com,Male,58.83.154.51
617,Shaughn,Decroix,sdecroixh4@mail.ru,Male,93.145.120.30
618,Jaquith,Checcuzzi,jcheccuzzih5@scribd.com,Female,194.10.165.28
619,Adolphus,Anear,aanearh6@about.me,Agender,223.139.224.103
620,Quinta,Barratt,qbarratth7@ifeng.com,Female,168.117.65.54
621,Niccolo,Leman,nlemanh8@nps.gov,Non-binary,180.186.207.223
622,Flossy,Melvin,fmelvinh9@over-blog.com,Female,26.181.229.50
623,Farlay,Seedull,fseedullha@posterous.com,Male,122.136.52.196
624,Chrisy,Matterson,cmattersonhb@about.me,Male,198.176.162.158
625,Robbie,Kenningham,rkenninghamhc@bloomberg.com,Male,180.93.47.88
626,Marena,Gerish,mgerishhd@sciencedaily.com,Female,43.236.44.166
627,Cherise,Castellucci,ccastelluccihe@tuttocitta.it,Female,166.220.65.51
628,Darius,Bealing,dbealinghf@yandex.ru,Male,115.13.38.114
629,Linea,Jouhning,ljouhninghg@edublogs.org,Female,207.92.227.180
630,Galen,Careswell,gcareswellhh@miibeian.gov.cn,Male,87.159.124.54
631,Bertrando,Harron,bharronhi@linkedin.com,Agender,61.128.80.63
632,Joane,Althrope,jalthropehj@netvibes.com,Female,39.81.200.29
633,Allissa,Rounce,arouncehk@time.com,Female,133.6.131.77
634,Miriam,Allardyce,mallardycehl@sciencedirect.com,Female,155.90.230.145
635,Arlen,Vanyutin,avanyutinhm@sitemeter.com,Male,114.50.184.41
636,Dannie,Canto,dcantohn@myspace.com,Female,18.183.24.90
637,Biron,Keays,bkeaysho@usa.gov,Male,164.180.255.176
638,Katey,McGarvey,kmcgarveyhp@youtu.be,Female,96.208.154.74
639,Euphemia,Purrington,epurringtonhq@google.nl,Female,113.226.214.87
640,Barnabe,Le Franc,blefranchr@miitbeian.gov.cn,Male,123.43.221.100
641,Isidor,Abramovitch,iabramovitchhs@ihg.com,Male,238.111.213.23
642,Tonia,Jozsef,tjozsefht@multiply.com,Female,209.188.252.14
643,Fidelia,Poplee,fpopleehu@ibm.com,Female,49.174.1.252
644,Brittne,Blasing,bblasinghv@prnewswire.com,Female,159.115.234.25
645,Vivien,Pollock,vpollockhw@nationalgeographic.com,Female,168.85.15.159
646,Fionnula,Tubbs,ftubbshx@statcounter.com,Female,227.181.31.132
647,Mildrid,Todari,mtodarihy@apache.org,Female,119.80.63.84
648,Kirsten,Cobbold,kcobboldhz@domainmarket.com,Female,156.224.204.66
649,Dwight,Bolland,dbollandi0@gnu.org,Male,61.228.206.123
650,Davis,Rouch,drouchi1@java.com,Male,130.22.197.209
651,Elena,Haspineall,ehaspinealli2@imdb.com,Female,45.126.47.238
652,Wilhelmine,Roussell,wrousselli3@quantcast.com,Female,136.76.110.12
653,Benedetta,Beckmann,bbeckmanni4@surveymonkey.com,Female,118.215.9.178
654,Abra,Lucian,aluciani5@accuweather.com,Female,165.112.127.235
655,Wells,Midghall,wmidghalli6@slideshare.net,Male,214.214.71.15
656,Alejandro,Kermit,akermiti7@umich.edu,Agender,50.22.41.4
657,Isidore,Stormes,istormesi8@miitbeian.gov.cn,Male,1.116.92.237
658,Luis,Lankford,llankfordi9@google.nl,Male,104.202.91.182
659,Bordy,Binnie,bbinnieia@google.pl,Male,24.183.215.109
660,Flin,Harriday,fharridayib@slashdot.org,Male,43.59.124.115
661,Carolan,Wombwell,cwombwellic@over-blog.com,Female,160.14.13.81
662,Jaquenetta,Rolfo,jrolfoid@goo.gl,Female,175.113.6.7
663,Bruno,Allwood,ballwoodie@paginegialle.it,Male,216.94.229.148
664,Nicolai,Jancy,njancyif@list-manage.com,Male,159.93.139.107
665,Claretta,Addyman,caddymanig@kickstarter.com,Female,253.246.55.76
666,Alyse,Fills,afillsih@who.int,Female,48.62.192.166
667,Evanne,Gorger,egorgerii@nydailynews.com,Female,246.90.100.164
668,Derward,Johananov,djohananovij@cbc.ca,Male,31.204.49.109
669,Roxi,Scole,rscoleik@sbwire.com,Female,167.18.110.87
670,Lucais,Langhorn,llanghornil@wunderground.com,Male,73.208.84.179
671,Kermy,Hedney,khedneyim@timesonline.co.uk,Male,13.90.214.224
672,Willabella,MacPaike,wmacpaikein@wikia.com,Female,225.2.46.62
673,Aloysius,Sandeford,asandefordio@auda.org.au,Male,179.203.35.118
674,Coriss,Woodsford,cwoodsfordip@howstuffworks.com,Female,214.99.196.215
675,Brendan,Fosken,bfoskeniq@ezinearticles.com,Male,109.63.165.204
676,Bealle,Cundict,bcundictir@bbb.org,Genderqueer,31.71.107.139
677,Dane,Bastistini,dbastistiniis@earthlink.net,Male,216.136.231.193
678,Brooks,Oloshin,boloshinit@archive.org,Female,41.90.66.162
679,Tommi,Hatch,thatchiu@abc.net.au,Female,94.75.7.234
680,Glynn,Callendar,gcallendariv@theatlantic.com,Genderqueer,141.246.62.92
681,Charmaine,Maudling,cmaudlingiw@miitbeian.gov.cn,Female,50.60.156.9
682,Alano,Doles,adolesix@nsw.gov.au,Male,66.195.218.28
683,Joeann,Stopps,jstoppsiy@eepurl.com,Female,150.173.245.218
684,Sinclare,Luna,slunaiz@paypal.com,Male,61.70.20.39
685,Danyette,Atterley,datterleyj0@constantcontact.com,Female,14.22.213.210
686,Jody,Nelm,jnelmj1@whitehouse.gov,Male,202.75.24.178
687,Mile,Moland,mmolandj2@phpbb.com,Male,193.194.206.113
688,Valentino,Aspell,vaspellj3@vistaprint.com,Male,24.8.105.16
689,Georgi,Bloy,gbloyj4@sina.com.cn,Male,106.18.28.251
690,Hedda,Karpmann,hkarpmannj5@youtu.be,Female,88.95.222.162
691,Nanine,Klaggeman,nklaggemanj6@vkontakte.ru,Female,125.2.18.75
692,Gil,Broomhall,gbroomhallj7@aboutads.info,Male,206.193.126.173
693,Raf,Till,rtillj8@gmpg.org,Female,113.7.69.31
694,Harley,Bitterton,hbittertonj9@icio.us,Female,155.102.189.61
695,Darnall,Eliyahu,deliyahuja@sphinn.com,Male,89.38.131.111
696,Abba,Toffoletto,atoffolettojb@is.gd,Male,51.34.45.127
697,Salomon,Praton,spratonjc@bluehost.com,Non-binary,166.221.191.122
698,Stephanus,Grimmett,sgrimmettjd@cafepress.com,Male,150.159.163.219
699,Yank,Covolini,ycovolinije@wp.com,Male,126.107.253.152
700,Duane,Crafts,dcraftsjf@tiny.cc,Male,16.236.242.200
701,Alie,Torritti,atorrittijg@desdev.cn,Female,65.176.97.136
702,Tome,Oram,toramjh@ft.com,Male,253.138.223.81
703,Nerita,Finneran,nfinneranji@pinterest.com,Female,129.56.14.237
704,Dorris,Sandeford,dsandefordjj@github.io,Genderqueer,193.218.239.140
705,Amandy,Oxlee,aoxleejk@elpais.com,Female,3.131.170.132
706,Sylvester,Carnier,scarnierjl@bbb.org,Male,74.42.231.81
707,Casey,Vaszoly,cvaszolyjm@google.nl,Male,56.165.146.38
708,Fawn,Capell,fcapelljn@squarespace.com,Genderqueer,148.14.195.24
709,Roslyn,Arpe,rarpejo@e-recht24.de,Female,210.137.97.134
710,Morley,Leggat,mleggatjp@github.com,Male,38.147.160.253
711,Randy,Ravilious,rraviliousjq@cnet.com,Genderfluid,242.58.25.191
712,Flint,Greatreax,fgreatreaxjr@tinyurl.com,Male,220.62.11.99
713,Yevette,Jackson,yjacksonjs@blogs.com,Female,77.79.175.243
714,Evelina,Haslewood,ehaslewoodjt@ucoz.com,Female,135.73.44.201
715,Marion,Fruchter,mfruchterju@phoca.cz,Male,45.212.60.142
716,Hermie,De Mattia,hdemattiajv@163.com,Non-binary,226.54.250.245
717,Thornton,Rameau,trameaujw@plala.or.jp,Male,249.176.64.161
718,Ilaire,Whyman,iwhymanjx@amazon.co.uk,Male,81.115.14.233
719,Vinita,Bittany,vbittanyjy@google.nl,Female,182.92.11.30
720,Bendick,Pringell,bpringelljz@usda.gov,Polygender,110.198.197.67
721,Zak,Pattesall,zpattesallk0@wisc.edu,Male,143.195.10.101
722,Florette,Van Der Vlies,fvandervliesk1@utexas.edu,Genderqueer,54.246.235.190
723,Didi,Cleave,dcleavek2@icq.com,Female,146.240.40.184
724,Bert,Wooffitt,bwooffittk3@nasa.gov,Female,72.131.2.98
725,Roz,Skala,rskalak4@nba.com,Female,141.5.77.54
726,Raleigh,Caslake,rcaslakek5@archive.org,Male,4.180.205.218
727,Romonda,Sayward,rsaywardk6@fda.gov,Bigender,24.125.15.190
728,Delinda,Brann,dbrannk7@canalblog.com,Female,56.234.155.76
729,Reinhard,Hurnell,rhurnellk8@flavors.me,Male,32.182.54.126
730,Massimiliano,Mannion,mmannionk9@printfriendly.com,Male,250.37.134.170
731,Rosanna,Penni,rpennika@craigslist.org,Female,196.255.192.66
732,Evania,Savaage,esavaagekb@techcrunch.com,Female,2.28.196.45
733,Ceciley,Orgel,corgelkc@simplemachines.org,Female,65.90.125.215
734,Donny,Kellough,dkelloughkd@patch.com,Female,37.156.59.115
735,Waylan,James,wjameske@cnbc.com,Male,5.124.46.7
736,Cecilia,Thursfield,cthursfieldkf@google.com,Female,5.57.46.242
737,Sonnie,Petts,spettskg@dot.gov,Female,199.24.216.219
738,Jackquelin,Ballance,jballancekh@qq.com,Female,211.62.108.18
739,Giulio,Siemons,gsiemonski@vk.com,Male,65.214.168.122
740,Ancell,Keeling,akeelingkj@jimdo.com,Male,112.244.161.90
741,Atlante,Senecaux,asenecauxkk@biglobe.ne.jp,Female,188.42.241.183
742,Cammi,Letertre,cletertrekl@scientificamerican.com,Female,61.134.156.35
743,Pierrette,Prosser,pprosserkm@smh.com.au,Female,105.38.114.32
744,Morgun,Moxham,mmoxhamkn@sun.com,Male,25.53.110.139
745,Kattie,Pearcey,kpearceyko@g.co,Female,50.242.119.175
746,Richart,Mellem,rmellemkp@nyu.edu,Male,210.208.168.198
747,Darci,Lidgard,dlidgardkq@nifty.com,Female,74.180.217.30
748,Jessey,Hawken,jhawkenkr@unicef.org,Male,59.11.128.96
749,Filippo,McPhail,fmcphailks@livejournal.com,Male,246.18.105.134
750,Briny,Cordsen,bcordsenkt@va.gov,Female,25.54.181.239
751,Philbert,Hacun,phacunku@alexa.com,Male,137.28.37.82
752,Emmie,Pesak,epesakkv@linkedin.com,Female,171.93.202.234
753,Stanford,Mosten,smostenkw@ft.com,Male,176.45.199.210
754,Sayres,Pinnock,spinnockkx@adobe.com,Male,195.5.94.83
755,Lin,Capey,lcapeyky@bigcartel.com,Female,108.179.106.190
756,Erinna,Southcombe,esouthcombekz@goo.ne.jp,Female,87.190.214.236
757,Tod,Schimoni,tschimonil0@typepad.com,Male,250.94.78.64
758,Elsey,Murname,emurnamel1@bloglovin.com,Female,67.0.234.24
759,Minda,Brine,mbrinel2@umich.edu,Bigender,67.209.50.72
760,Rodi,Peasgood,rpeasgoodl3@princeton.edu,Female,239.10.200.135
761,Salomone,MacQuaker,smacquakerl4@cyberchimps.com,Male,19.240.186.8
762,Terrance,Broad,tbroadl5@hc360.com,Male,208.18.52.103
763,Hunfredo,Wooder,hwooderl6@unicef.org,Male,175.23.221.47
764,Cosmo,Raimbauld,craimbauldl7@icio.us,Male,148.226.236.244
765,Rodger,Boxen,rboxenl8@state.tx.us,Male,39.56.78.120
766,Rodge,Sliman,rslimanl9@about.me,Male,171.19.207.233
767,Sande,Floweth,sflowethla@free.fr,Female,49.97.80.199
768,Bartel,Thexton,bthextonlb@moonfruit.com,Male,111.73.129.34
769,Ash,Stebles,astebleslc@mit.edu,Male,184.7.194.154
770,Lyndsie,Chittenden,lchittendenld@mozilla.org,Female,179.159.228.80
771,Pauline,Jacquemard,pjacquemardle@ft.com,Genderfluid,199.246.56.162
772,Emelen,McDonough,emcdonoughlf@deliciousdays.com,Male,160.60.185.17
773,Hilary,Benoy,hbenoylg@uol.com.br,Male,53.190.109.243
774,Krishna,Howland,khowlandlh@amazonaws.com,Male,230.23.66.22
775,Hali,Robb,hrobbli@github.com,Female,150.245.239.126
776,Barbabas,Poon,bpoonlj@auda.org.au,Genderfluid,212.198.18.130
777,Roth,Longstreet,rlongstreetlk@technorati.com,Male,212.201.89.78
778,Dall,Duprey,ddupreyll@biblegateway.com,Male,229.198.209.110
779,Cindy,Stabbins,cstabbinslm@eepurl.com,Female,12.252.102.115
780,Sadella,Cowan,scowanln@google.pl,Female,244.40.181.167
781,Aldwin,Janosevic,ajanoseviclo@oracle.com,Male,132.149.252.73
782,Rycca,Morgue,rmorguelp@gnu.org,Polygender,197.76.91.148
783,Madlin,Mealing,mmealinglq@wikia.com,Female,181.177.71.198
784,Michal,Swinney,mswinneylr@github.io,Male,241.223.59.26
785,Alfie,Paulley,apaulleyls@wsj.com,Male,98.46.251.234
786,Tamma,Shorie,tshorielt@mit.edu,Female,174.253.13.16
787,Isabel,Stutt,istuttlu@webnode.com,Female,180.141.241.194
788,Jaye,Gowthorpe,jgowthorpelv@webeden.co.uk,Male,237.243.71.69
789,Walden,McKillop,wmckilloplw@dagondesign.com,Male,123.203.164.210
790,Siffre,Fullbrook,sfullbrooklx@uiuc.edu,Male,87.23.173.77
791,Caryn,Walters,cwaltersly@amazon.co.jp,Female,172.247.53.171
792,Greggory,Arangy,garangylz@clickbank.net,Male,195.202.246.20
793,Tremayne,Reimer,treimerm0@zimbio.com,Male,137.107.174.28
794,Stillmann,Erb,serbm1@webs.com,Male,108.93.43.109
795,Billie,Littlepage,blittlepagem2@usatoday.com,Female,64.99.212.218
796,Trey,Bridywater,tbridywaterm3@clickbank.net,Male,190.168.184.109
797,Niven,MacLeese,nmacleesem4@trellian.com,Male,211.232.184.187
798,Corinna,Barthorpe,cbarthorpem5@prlog.org,Female,171.126.189.138
799,Cheri,Chamney,cchamneym6@si.edu,Non-binary,252.107.123.102
800,Benni,Venart,bvenartm7@amazon.co.jp,Female,82.139.73.163
801,Nickey,Overall,noverallm8@exblog.jp,Male,62.116.77.134
802,Jamal,Whitehurst,jwhitehurstm9@cafepress.com,Male,97.167.77.81
803,Gal,Hyland,ghylandma@a8.net,Male,84.42.178.111
804,Liliane,Keuning,lkeuningmb@miitbeian.gov.cn,Female,5.236.55.229
805,Frayda,Cleve,fclevemc@sitemeter.com,Female,97.161.130.190
806,Quillan,Shemming,qshemmingmd@wordpress.org,Male,123.234.22.117
807,Eydie,Iannetti,eiannettime@omniture.com,Female,1.70.107.212
808,Hieronymus,Salvatore,hsalvatoremf@netvibes.com,Male,225.189.121.150
809,Dalila,Prando,dprandomg@ihg.com,Polygender,64.50.205.185
810,Netti,Olcot,nolcotmh@bing.com,Non-binary,86.99.223.98
811,Ynez,Pryn,yprynmi@moonfruit.com,Female,117.195.200.89
812,Bertram,Pauwel,bpauwelmj@over-blog.com,Male,201.5.115.151
813,Tabb,McInility,tmcinilitymk@freewebs.com,Male,221.42.146.79
814,Linnet,Kose,lkoseml@dmoz.org,Polygender,207.9.68.57
815,Lodovico,Briddock,lbriddockmm@indiatimes.com,Male,205.6.1.80
816,Kathe,Hawksby,khawksbymn@nps.gov,Female,160.253.85.201
817,Delano,Weavers,dweaversmo@cyberchimps.com,Male,126.99.93.39
818,Bertrand,Pay,bpaymp@time.com,Male,74.43.153.51
819,Chantal,Lesly,cleslymq@pagesperso-orange.fr,Female,238.96.48.163
820,Shela,Mocquer,smocquermr@constantcontact.com,Female,118.204.166.49
821,Lenora,Doerr,ldoerrms@narod.ru,Female,9.89.67.125
822,Damien,Farlham,dfarlhammt@adobe.com,Male,44.35.179.181
823,Adelle,Puleque,apulequemu@exblog.jp,Female,95.175.23.32
824,Tyson,Hamner,thamnermv@rambler.ru,Male,27.166.216.227
825,Ricardo,Shulver,rshulvermw@fotki.com,Male,249.164.211.107
826,Henka,Bonass,hbonassmx@ft.com,Female,252.141.241.118
827,Gilbertina,Hodgin,ghodginmy@mashable.com,Female,125.74.12.74
828,Ignace,Doelle,idoellemz@cnn.com,Genderfluid,143.222.84.13
829,Allayne,Checchi,achecchin0@skyrock.com,Genderfluid,160.53.69.73
830,Loni,Pawden,lpawdenn1@flickr.com,Female,71.16.45.148
831,Emanuel,Pady,epadyn2@springer.com,Male,229.74.124.46
832,Marylin,Haslock(e),mhaslocken3@bizjournals.com,Female,203.160.106.32
833,Henryetta,Taillard,htaillardn4@archive.org,Female,233.36.146.14
834,Hyacinthie,Stratiff,hstratiffn5@fema.gov,Female,147.13.35.234
835,Leonidas,Gippes,lgippesn6@paginegialle.it,Male,244.76.129.201
836,Marti,Bentz,mbentzn7@about.com,Female,0.229.77.167
837,Vincenty,Dmitr,vdmitrn8@printfriendly.com,Male,176.103.83.213
838,Donavon,Florio,dflorion9@a8.net,Male,248.47.158.98
839,Yoshiko,Springett,yspringettna@economist.com,Female,225.221.137.65
840,Bryant,Grevatt,bgrevattnb@xing.com,Male,46.163.135.157
841,Noelle,Snowdon,nsnowdonnc@github.com,Female,86.38.244.185
842,Stanwood,Skipton,sskiptonnd@yellowpages.com,Male,243.99.176.17
843,Ruthy,Lambird,rlambirdne@youku.com,Female,188.74.21.13
844,Maris,Fidelus,mfidelusnf@blogspot.com,Female,188.54.172.102
845,Magda,Arpin,marpinng@vistaprint.com,Female,144.23.53.142
846,Cecil,O'Spillane,cospillanenh@qq.com,Female,226.192.11.175
847,Melissa,Kensington,mkensingtonni@mediafire.com,Agender,195.17.136.252
848,Karylin,Korpolak,kkorpolaknj@yale.edu,Female,65.194.36.9
849,Roshelle,Sagerson,rsagersonnk@hc360.com,Female,255.237.122.177
850,Gayle,Marder,gmardernl@thetimes.co.uk,Female,53.189.37.0
851,Holly,Leyrroyd,hleyrroydnm@smh.com.au,Male,34.37.188.128
852,Alfie,Bartholin,abartholinnn@nytimes.com,Female,141.136.246.174
853,Lari,O'Kinneally,lokinneallyno@google.co.jp,Female,78.25.40.142
854,Mavis,O'Hingerty,mohingertynp@tiny.cc,Female,121.96.30.81
855,Sonnie,Rabat,srabatnq@indiatimes.com,Female,231.2.196.120
856,Dolores,Baggiani,dbaggianinr@bluehost.com,Female,147.114.161.216
857,Shepperd,Langridge,slangridgens@telegraph.co.uk,Male,198.104.239.111
858,Darill,Phillipp,dphillippnt@howstuffworks.com,Male,182.234.217.148
859,Kathi,McIndoe,kmcindoenu@qq.com,Female,239.161.150.227
860,Cary,Minerdo,cminerdonv@technorati.com,Bigender,209.116.15.24
861,Roanne,Mollon,rmollonnw@quantcast.com,Female,176.139.53.174
862,Felita,Crane,fcranenx@wix.com,Female,129.87.74.153
863,Tucker,Dollen,tdollenny@ocn.ne.jp,Genderqueer,205.26.199.119
864,Elwood,Browne,ebrownenz@taobao.com,Genderqueer,40.122.29.180
865,Wallie,Yoslowitz,wyoslowitzo0@dailymail.co.uk,Male,185.6.83.81
866,Debra,Harbison,dharbisono1@mtv.com,Female,27.37.41.36
867,Waverly,Manklow,wmanklowo2@ameblo.jp,Male,254.64.181.117
868,Maddalena,Noirel,mnoirelo3@phpbb.com,Female,146.164.208.213
869,Cornelius,Dunsmuir,cdunsmuiro4@de.vu,Male,1.187.18.151
870,Aldwin,Diegan,adiegano5@globo.com,Bigender,80.127.45.126
871,Kellina,Cowle,kcowleo6@washingtonpost.com,Female,166.38.17.153
872,Moishe,Spellacy,mspellacyo7@hostgator.com,Male,209.106.236.142
873,Thornie,Coule,tcouleo8@telegraph.co.uk,Non-binary,138.174.89.199
874,Nickey,Tack,ntacko9@studiopress.com,Male,243.217.5.180
875,Alyce,Dick,adickoa@webeden.co.uk,Female,54.130.170.79
876,Kristoforo,Budden,kbuddenob@icq.com,Genderqueer,228.118.108.233
877,Jeanine,Bartolomeazzi,jbartolomeazzioc@reference.com,Female,245.208.220.246
878,Nicolais,Postill,npostillod@apple.com,Male,245.65.119.204
879,Zitella,Groocock,zgroocockoe@shinystat.com,Female,45.199.41.221
880,Brade,Omand,bomandof@who.int,Genderfluid,22.124.144.197
881,Bond,Geraldi,bgeraldiog@oaic.gov.au,Male,227.216.9.177
882,Velma,Brunini,vbruninioh@arizona.edu,Bigender,237.196.126.115
883,Bone,Firebrace,bfirebraceoi@symantec.com,Genderqueer,0.77.139.94
884,Thorndike,Wadham,twadhamoj@army.mil,Male,35.87.222.195
885,Maurene,Bartolomeu,mbartolomeuok@nih.gov,Female,218.167.233.222
886,Ignacius,Eric,iericol@msu.edu,Male,23.111.163.249
887,Bevon,Dibbs,bdibbsom@chicagotribune.com,Male,153.255.245.128
888,Pietrek,Newlands,pnewlandson@irs.gov,Male,55.215.24.241
889,Annalise,Gayle,agayleoo@lulu.com,Female,137.154.95.150
890,Hurley,Tilburn,htilburnop@networksolutions.com,Male,47.74.201.89
891,Ransell,Grinyakin,rgrinyakinoq@msn.com,Male,81.207.136.137
892,Mozes,Whitehurst,mwhitehurstor@fda.gov,Male,71.234.124.167
893,Karlene,Chittim,kchittimos@soup.io,Female,115.150.240.207
894,Westbrooke,Sutherden,wsutherdenot@drupal.org,Male,238.178.160.222
895,Joell,Galland,jgallandou@comcast.net,Female,175.154.40.185
896,Rustie,Tight,rtightov@mac.com,Male,6.25.60.13
897,Kai,Sillitoe,ksillitoeow@hc360.com,Female,150.80.74.210
898,Nathalie,Aingel,naingelox@yahoo.co.jp,Female,126.211.47.155
899,Hewie,Kettoe,hkettoeoy@storify.com,Male,42.145.85.141
900,Kalil,Oby,kobyoz@uol.com.br,Male,26.129.30.87
901,Min,Keohane,mkeohanep0@istockphoto.com,Female,51.79.156.94
902,Karrie,Larkcum,klarkcump1@dailymotion.com,Female,12.146.215.148
903,Lilly,MacHostie,lmachostiep2@people.com.cn,Female,207.159.244.134
904,Esma,Reddin,ereddinp3@exblog.jp,Female,186.171.89.29
905,Dannie,Tire,dtirep4@apple.com,Female,192.139.147.154
906,Jana,Starkings,jstarkingsp5@independent.co.uk,Female,209.65.241.1
907,Caz,Houndesome,choundesomep6@google.com.hk,Male,247.219.106.148
908,Sonya,Castellan,scastellanp7@bigcartel.com,Female,96.57.28.205
909,Joan,Scarf,jscarfp8@fastcompany.com,Female,101.19.12.194
910,Claire,Musson,cmussonp9@nifty.com,Female,87.73.167.200
911,Missie,Maude,mmaudepa@hexun.com,Female,116.162.37.152
912,Papageno,Petruskevich,ppetruskevichpb@latimes.com,Male,29.132.221.13
913,D'arcy,Heijne,dheijnepc@t-online.de,Male,206.164.196.99
914,Adan,Diggens,adiggenspd@discuz.net,Female,64.240.108.221
915,Candra,Karpol,ckarpolpe@com.com,Genderqueer,117.85.222.70
916,Halsey,Searles,hsearlespf@gmpg.org,Male,227.134.251.32
917,Laurent,Tejada,ltejadapg@illinois.edu,Male,103.164.53.198
918,Palmer,O'Lehane,polehaneph@deviantart.com,Male,26.96.118.141
919,Townie,Trafford,ttraffordpi@noaa.gov,Male,49.142.98.254
920,Humbert,Wordsley,hwordsleypj@symantec.com,Male,18.88.76.234
921,Catharine,Borkin,cborkinpk@icq.com,Female,46.206.245.215
922,Josepha,Francois,jfrancoispl@ycombinator.com,Female,214.134.80.107
923,Worth,Corkish,wcorkishpm@irs.gov,Male,188.212.185.2
924,Jessy,Twinbrow,jtwinbrowpn@miitbeian.gov.cn,Female,229.5.192.202
925,Wendy,Eard,weardpo@unicef.org,Female,174.89.52.137
926,Carmencita,Jellicorse,cjellicorsepp@gnu.org,Female,208.33.219.249
927,Aurel,Rehorek,arehorekpq@lulu.com,Polygender,0.128.217.213
928,Braden,Hovey,bhoveypr@ebay.com,Male,194.41.112.147
929,Annis,Meier,ameierps@unblog.fr,Female,74.61.224.116
930,Eugenie,Axford,eaxfordpt@columbia.edu,Female,227.168.31.200
931,Corilla,Penright,cpenrightpu@cornell.edu,Female,40.69.247.200
932,Carmel,Sketcher,csketcherpv@trellian.com,Female,202.118.237.98
933,Tate,Janos,tjanospw@webeden.co.uk,Female,102.226.88.185
934,Casper,Dymidowski,cdymidowskipx@shop-pro.jp,Male,48.143.237.207
935,Delmore,Entissle,dentisslepy@cloudflare.com,Male,33.154.179.109
936,Robinet,Foad,rfoadpz@facebook.com,Female,5.168.7.36
937,Ingeberg,Miles,imilesq0@comcast.net,Female,50.130.114.34
938,Brook,Behning,bbehningq1@forbes.com,Female,121.252.15.49
939,Ramsay,Chalcroft,rchalcroftq2@timesonline.co.uk,Male,96.54.1.230
940,Delano,Denes,ddenesq3@vk.com,Male,9.41.46.208
941,Lee,Brilleman,lbrillemanq4@cyberchimps.com,Male,230.105.49.165
942,Adriano,Normanville,anormanvilleq5@aol.com,Bigender,205.130.192.253
943,Silvio,Kewley,skewleyq6@senate.gov,Male,225.146.50.207
944,Guthrey,Odeson,godesonq7@123-reg.co.uk,Male,97.51.190.169
945,Korey,Truett,ktruettq8@myspace.com,Male,234.211.156.229
946,Mannie,Duval,mduvalq9@tiny.cc,Male,103.217.63.149
947,Eachelle,Passie,epassieqa@webnode.com,Female,64.218.117.104
948,Mikol,Stetlye,mstetlyeqb@cnet.com,Male,196.36.186.242
949,Ludovico,Fulstow,lfulstowqc@reuters.com,Male,78.178.195.37
950,Haley,Blayd,hblaydqd@biblegateway.com,Female,206.132.24.93
951,Rriocard,Brittoner,rbrittonerqe@hud.gov,Male,182.93.178.50
952,Flory,O'Looney,folooneyqf@mysql.com,Female,157.228.16.83
953,Cordell,Georgius,cgeorgiusqg@shinystat.com,Agender,19.202.251.1
954,Gregoire,Bonick,gbonickqh@usa.gov,Male,50.116.134.102
955,Jacqui,Adie,jadieqi@myspace.com,Female,115.186.102.244
956,Dirk,Terren,dterrenqj@zdnet.com,Non-binary,153.170.84.249
957,Daniela,Cypler,dcyplerqk@statcounter.com,Female,170.220.58.117
958,Leonard,Reace,lreaceql@wufoo.com,Male,74.20.88.215
959,Glynis,Caltera,gcalteraqm@cocolog-nifty.com,Female,204.241.198.29
960,Sonny,Padberry,spadberryqn@ebay.co.uk,Female,146.13.107.0
961,Judye,Grimmer,jgrimmerqo@w3.org,Female,137.52.84.58
962,Elmo,Sharrem,esharremqp@yellowbook.com,Male,153.96.228.37
963,Vin,Hainey,vhaineyqq@hud.gov,Female,135.129.123.105
964,Salomon,Delve,sdelveqr@umn.edu,Male,238.12.194.186
965,Enid,Zamudio,ezamudioqs@thetimes.co.uk,Female,60.156.178.214
966,Deane,Lawlor,dlawlorqt@disqus.com,Female,222.180.94.9
967,Brod,Amort,bamortqu@cmu.edu,Male,198.239.127.51
968,Monika,Metzke,mmetzkeqv@ted.com,Female,48.156.125.229
969,Raphael,Sibray,rsibrayqw@nih.gov,Male,214.116.25.56
970,Olivette,Hacun,ohacunqx@tuttocitta.it,Female,26.68.196.76
971,Kendell,Biasotti,kbiasottiqy@twitpic.com,Male,182.201.176.203
972,Olivier,Naton,onatonqz@rediff.com,Male,48.240.106.22
973,Valery,Baughan,vbaughanr0@reference.com,Female,165.211.196.124
974,Edouard,Blackburn,eblackburnr1@cloudflare.com,Male,226.88.36.89
975,Feliks,Keemar,fkeemarr2@nba.com,Male,30.19.147.153
976,Omar,Arkin,oarkinr3@smugmug.com,Male,3.228.255.66
977,Rutherford,Grute,rgruter4@google.com.au,Male,55.59.54.5
978,Ric,Vernall,rvernallr5@jimdo.com,Male,126.211.255.141
979,Elton,Pettengell,epettengellr6@gov.uk,Male,217.243.243.60
980,Page,MacAllaster,pmacallasterr7@illinois.edu,Male,141.124.119.208
981,Tyrus,Crunkhurn,tcrunkhurnr8@free.fr,Male,18.120.67.2
982,Arlene,Medlar,amedlarr9@mashable.com,Female,109.6.33.239
983,Michel,Leafe,mleafera@surveymonkey.com,Female,198.87.158.72
984,Nonna,Gun,ngunrb@ft.com,Female,193.100.1.211
985,Hervey,Cumine,hcuminerc@china.com.cn,Male,176.214.10.224
986,Ferris,Tolliday,ftollidayrd@dion.ne.jp,Male,190.145.153.251
987,Ammamaria,Frogley,afrogleyre@salon.com,Female,213.152.78.157
988,Fidela,Dadge,fdadgerf@loc.gov,Female,69.190.39.47
989,Angeline,Longson,alongsonrg@europa.eu,Female,122.82.60.61
990,Courtney,Guthrie,cguthrierh@tamu.edu,Female,112.150.148.136
991,Adella,Dahlberg,adahlbergri@prnewswire.com,Female,113.218.223.198
992,Rudie,Nicklin,rnicklinrj@businessinsider.com,Male,209.93.226.18
993,Chick,Queenborough,cqueenboroughrk@auda.org.au,Male,138.144.67.24
994,Rosita,Keavy,rkeavyrl@seesaa.net,Female,134.83.99.35
995,Lammond,Small,lsmallrm@surveymonkey.com,Male,77.99.151.112
996,Paxton,Pablos,ppablosrn@nhs.uk,Male,30.167.141.211
997,Amberly,Densumbe,adensumbero@ezinearticles.com,Female,142.16.20.140
998,Rozalin,Primett,rprimettrp@etsy.com,Female,60.10.127.129
999,Sherwood,Greste,sgresterq@aol.com,Male,118.80.226.209
1000,Wallache,Woof,wwoofrr@chicagotribune.com,Male,142.201.139.36
